{
    "width": 40,
    "height": 9,
    "start": [3, 7],
    "grass_locs": [
        [0, 8],  [1, 8],  [2, 8],  [3, 8],  [4, 8],  [5, 8],  [6, 8],  [7, 8],
        [8, 8],  [9, 8],  [10, 8], [11, 8], [12, 8], [13, 8], [14, 8], [15, 8],
        [16, 8], [17, 8], [18, 8], [19, 8], [20, 8], [21, 8], [22, 8], [23, 8],
        [24, 8], [25, 8], [26, 8], [27, 8], [28, 8], [29, 8], [30, 8], [31, 8],
        [32, 8], [33, 8], [34, 8], [35, 8], [36, 8], [37, 8], [38, 8], [39, 8]
     ],
     "block_locs": [
        [8, 3], [9, 3], [10, 3],
        [14, 5], [15, 5], [16, 5],
        [20, 2], [21, 2], [22, 2], [23, 2], [24, 2], [25, 2], [26, 2],
        [23, 7],
        [32, 7], [33, 7], [34, 7],
        [33, 6], [34, 6],
        [34, 5]
    ],
    "gem_locs": [
        [6, 7], [9, 2], [21, 1], [23, 1], [25, 1]
    ],
    "spikeball_locs": [
        [11, 7], [20, 7]
    ],
    "spikeman_locs": [
        [15, 5], [30, 7]
    ],
    "cloud_locs": [[8, 1]
    ],
    "flag_locs": [
        [38, 4], [38, 5], [38, 6], [38, 7]
    ],
    "gravity": 0.5,
    "terminal_velocity": 24
}
